1997-08-22;braiantroya11@gmail.com;371449635398431;Braian Troya;Cosquín 45;(+57) 472 648 42 12
2000-11-20;alasiapia@gmail.com;371449635398432;Maria Pía Leonor Alasia Urquiza;Montecristo 789;(+57) 459 342 05 56
1999-08-31;agudahyana5@gmail.com;371449635398433;Dahyana Agú;Oliva 663;(+57) 517 070 99 65
1972-10-28;estelalucero411@gmail.com;371449635398434;Estela Adriana Lucero;Oncativo 12;(+57) 466 568 83 12
2000-01-15;milagrosandreacuello@gmail.com;371449635398435;Milagros Andrea Cuello;Salsipuedes 65;(+57) 464 527 41 12
1995-08-22;laug2663@gmail.com;371449635398436;Laura Noemí González;Canals 11;(+57) 468 463 18 87
1997-06-19;caromedina711@hotmail.com;371449635398437;Carolina Medina;Corral de Bustos 20;(+57) 462 249 84 96
1997-05-02;nicolaslavallen16@gmail.com;371449635398438;Nicolas Lavallen;Córdoba capital 7895;(+57) 468 878 55 36
1983-01-07;maximilianolizarralde@gmail.com;371449635398439;Maximiliano Jose Lizarralde;Unquillo 125;(+57) 464 526 22 87
1977-05-24;paolaurquiza645@gmail.com;371449635398440;Paola Nerina Urquiza;Villa Laboulaye 8963;(+57) 463 109 31 54
2003-06-11;mauriciofernandez907@gmail.com;371449635398441;Mauricio Fernandez;Monte Cristo 7896;(+57) 464 509 07 22
2003-05-26;totorosell10@gmail.com;371449635398442;Augusto Tomás Facundo Rosell;Laboulaye centro 457;(+57) 467 191 17 65
2003-01-08;riosbelen341@gmail.com;36489561247896;María Belén Ríos;Laboulaye este 12;(+57) 467 203 48 78
1995-10-31;clariissa1031@hotmail.com;36489561247897;Clarisa Ojeda Mercanti;Laboulaye oeste  89;(+57) 466 865 04 65
2000-01-25;zoee307@hotmail.com;36489561247898;Enzo Hugo Javier Paez;Laboulaye 7541;(+57) 464 528 02 45
2000-07-04;belenrosales140@gmail.com;36489561247899;Jennifer Belen Rosales;Laboulaye 632;(+57) 469 737 99 32
2002-05-24;ceccottilautaro@gmail.com;36489561247900;Lautaro Ceccotti;Oliva parque 78;(+57) 463 741 51 32
2002-09-07;mirandaeuge00@gmail.com;36489561247901;María Eugenia Miranda Acevedo;Oliva 888;(+57) 463 741 90 87
2001-08-26;victorguajardo010@gmail.com;36489561247902;Victor José Guajardo;Malvinas Argentinas 7854;(+57) 458 351 47 98
1998-05-03;aguariel5@gmail.com;36489561247903;Ariel Agustín Agu Guerreño;Monte Cristo anexo 4456;(+57) 461 256 28 65
1993-05-04;brenlopezjauregui@gmail.com;36489561247904;Brenda Soledad López;Córdoba capital 1236;(+57) 463 742 02 65
1999-04-06;luceromilagros939@gmail.com;6011514782536940;Milagros Selene Lucero;Montecristo 7895;(+57) 465 075 24 32
1995-03-15;odettidaniela65@gmail.com;6011514782336940;Daniela Alejandra Odetti;Montecristo 45;(+57) 459 342 97 89
2000-02-27;cami2402more@gmail.com;6011514782536950;Camila Milagros Moreno;Montecristo 65;(+57) 461 288 41 12
2004-06-30;matiaschirino805@gmail.com;6011514482536940;Matias Chirino;Monte 745;(+57) 473 055 19 65
1993-05-11;quirogaantonella12@gmail.com;6011514782536970;Antonella Soledad Quiroga;Monte 111;(+57) 459 639 47 65
1977-12-09;silviaveronicastipp@gmail.com;6011514782531940;Silvia Veronica Stipp;Cristo 1230;(+57) 464 509 52 82
1991-04-15;agustinaluna005@gmail.com;3530412578963240;Elisa Agustina Luna;Malvinas 201;(+57) 466 568 82 65
1997-05-01;celesteortiz042@gmail.com;3530412571963240;Celeste Ortiz;Monte Cristo 789;(+57) 465 059 45 45
2000-01-15;barzolamilagros89@gmail.com;3530412578967240;Milagros Evelyn Barzola;Monte Cristo 563;(+57) 464 507 49 12
2001-10-17;alemanlucas550@gmail.com;3530412578963220;Lucas Alemán;Argeninas 653;(+57) 467 082 80 22
2003-09-24;oyolafernanda69@gmail.com;3530412678963240;Fernanda Oyola;Monteto 741;(+57) 465 064 16 66
2001-10-09;arrutia31@gmail.com;3530412577963240;Maximiliano Arrutia;Montesto 1456;(+57) 466 568 40 98
2001-07-28;lautymancuso018@gmail.com;3530412578964440;Lautaro Mancuso;Monte Cristo 36;(+57) 469 997 18 66
1973-11-09;ritafumero9@gmail.com;5514236987412560;Rita Rosana Fumero;Argentinas 98;(+57) 465 064 77 54
1998-12-29;paulinaalonso29@hotmail.com;5514236987772560;Paulina Baigorria Alonso;Mi Granja 44;(+57) 466 560 10 23
2001-09-17;tattiurquiza31@gmail.com;5514236987488560;Tania Yazmin Urquiza;Malvinas Argentinas 15;(+57) 471 728 27 23
1994-11-24;herediajenifer801@gmail.com;5514236987333560;Jenifer Antonela Heredia;Córdoba 1423;(+57) 466 558 67 78
1988-07-13;mariajosemondino6@gmail.com;5514236987422260;Maris José Mondino;Maltinas 9563;(+57) 463 793 09 65
1997-08-30;nicolasbidondo5@gmail.com;5514236418741250;Nicolas Bidondo;Monte Cristo 44;(+57) 467 674 23 45
1997-12-15;jeniheredia56@gmail.com;4222654789652140;Soledad Juarez;Córdoba cap 5;(+57) 465 118 88 78
2003-07-28;pablomoreira03.com@gmail.com;4222654449652140;Pablo Moreira;Córdoba cap 23;(+57) 480 699 66 65
1967-08-19;vivi25varela@gmail.com;4222654789666140;Viviana Varela;Córdoba cap 6985;(+57) 461 270 42 22
2001-05-24;leguizamonpablo0@gmail.com;4222654787772140;Pablo Leguizamon;Córdoba 2;(+57) 469 997 93 22
2003-09-03;joacoliva12@gmail.com;4222651111652140;Joaquin Eloy Oliva;Córdoba 36;(+57) 465 061 07 11
2003-12-30;santiagomaiz@outlook.com;4222654789655550;Santiago Maiz;Colonia Bremen 78;(+57) 469 995 68 45
2003-06-04;bonaviaalejo@gmail.com;4222654765452140;Alejo Bonavia;Córdoba 410;(+57) 467 689 22 87
2004-01-16;julicaicholo@hotmail.com;346544411233695;Julio Caicholo;Colonia Bremen 10;(+57) 459 331 98 55
2004-05-27;joaquinloza979@gmail.com;346544411233696;Joaquin Loza;Colonia Bremen 963;(+57) 465 055 85 66
1994-09-21;a.my14@hotmail.com;346544411233697;Yamila Ortiz;Cordoba 123;(+57) 465 878 50 11
2005-10-01;maca.carballo123@gmail.com;346544411233698;Macarena Carballo;Córdoba 875;(+57) 468 502 45 23
2005-07-04;micacufree@gmail.com;346544411233699;Micaela Cufré;Colonia Bremen 6;(+57) 472 636 68 44
2007-06-27;josefinamcaballero1@gmail.com;346544411233700;Josefina María Caballero Campora;Bremen 98;(+57) 465 070 49 55
2005-09-02;pm.moiso@gmail.com;346544411233701;María Paula Moiso;Colonia 745;(+57) 467 081 80 65
2006-04-28;constanciamartinezpaz@gmail.com;346544411233702;Constancia Martínez Paz;Colonia Bremen 630;(+57) 468 464 22 65
2005-09-27;candeferrero25@gmail.com;346544411233703;Candelaria Ferrero Rey Noes;Monsto 203;(+57) 464 528 64 32
2006-05-31;justizavaley@gmail.com;346544411233704;Justina Zavaley;Matinas 805;(+57) 469 998 72 32
2006-05-19;pazbaistrocchi@gmail.com;346544411233705;Maria Paz Baistrocchi;Monto 904;(+57) 462 216 83 12
2006-05-07;abrilbigoglio@gmail.com;346544411233706;Abril Bigoglio;Masina 1026;(+57) 463 739 52 12
2006-01-10;pilarsalcedo1006@gmail.com;30478855996622;Pilar Salcedo;Malvinas Argentinas 1100;(+57) 461 264 75 77
2006-05-24;micaelaortiz549@gmail.com;30478855996623;Micaela Ortiz Noseda;Monte Cristo 9862;(+57) 463 757 15 75
2006-01-09;sollsierra09@gmail.com;30478855996624;Sol Sierra;Monte Cristo 4;(+57) 460 329 90 45
2006-05-28;chloeroldan24@gmail.com;30478855996625;Chloe Sofia Roldan;Mi Granja 6;(+57) 456 997 74 56
2005-10-14;melabarreraseballes@gmail.com;30478855996626;Melanie Danisa Barrera Seballes;Monte Cristo 7;(+57) 461 298 31 31
2006-03-13;luzarguellofiore1000@gmail.com;30478855996627;Luz Argüello;Monte Cristo 15;(+57) 461 299 40 21
2005-07-21;carocobo05@gmail.com;30478855996628;Carolina Cobo;Monte Cristo 19;(+57) 464 523 60 13
2006-02-24;felicitasruizhuidobro1@gmail.com;3528444112200330;Felicitas Ruiz Huidobro;Monte Cristo 1078;(+57) 460 327 22 12
2005-12-14;pilirouviere@gmail.com;3528444112270330;Pilar Rouviere;Monte Cristo 90;(+57) 458 384 81 12
2006-03-01;candemarques0@gmail.com;3528444112200340;Maria Candelaria Marqués;Mi Granja 99;(+57) 458 384 98 45
2005-04-27;catasola25demayo@gmail.com;3528444112201130;Catalina Sola;Malvinas Argentinas 786;(+57) 461 298 53 54
